{
  "match_score": 92,
  "summary": "Dr. James Anderson is a highly experienced software architect with over 12 years of experience, specializing in Python, Django, React.js, and cloud technologies. His background includes significant roles at Google Cloud and Amazon, demonstrating expertise in large-scale systems, team leadership, and cloud infrastructure. His PhD in Computer Science from Stanford further strengthens his profile.",
  "strengths": [
    "Extensive experience (12+ years) exceeds the required 5+ years.",
    "Strong proficiency in Python, Django, and React.js.",
    "Proven experience with RESTful APIs and SQL databases (PostgreSQL specifically mentioned).",
    "Deep expertise in AWS and GCP, exceeding the 'Preferred' requirement.",
    "Experience with Docker and Kubernetes, fulfilling another 'Preferred' requirement.",
    "Demonstrated team leadership experience.",
    "Holds relevant certifications (AWS Solutions Architect Professional, Google Cloud Architect).",
    "Advanced education (PhD in Computer Science)."
  ],
  "missing_requirements": [
    "Explicit mention of Git and CI/CD is absent, although highly probable given the candidate's experience."
  ],
  "verdict": "exceptional",
  "cv_name": "Kandidāts 3",
  "cv_id": "20251017_202939_cv3",
  "original_cv_id": "cv3"
}