{
  "match_score": 92,
  "summary": "Dr. James Anderson's CV presents a highly qualified candidate for the Senior Full-Stack Developer position. His extensive experience at Google Cloud and Amazon, coupled with his advanced education and certifications, demonstrates a strong alignment with the job requirements. He exceeds the minimum experience requirements and possesses expertise in the core technologies listed in the job description.",
  "strengths": [
    "Extensive experience (12+ years) exceeding the required 5+ years.",
    "Strong proficiency in Python, Django, React.js, and PostgreSQL.",
    "Experience with AWS and GCP, fulfilling the preferred qualifications.",
    "Expertise in Kubernetes and Docker, aligning with preferred qualifications.",
    "Proven leadership experience managing a team of 12 engineers.",
    "Advanced education (PhD in Computer Science).",
    "Relevant certifications (AWS Solutions Architect Professional, Google Cloud Architect)."
  ],
  "missing_requirements": [
    "Explicit mention of RESTful APIs and SQL databases (though implied through Django/PostgreSQL experience)."
  ],
  "verdict": "exceptional",
  "cv_name": "Kandidāts 3",
  "cv_id": "20251017_204659_cv3",
  "original_cv_id": "cv3"
}