{
  "match_score": 40,
  "summary": "Martins Kalniņš' CV indicates experience as a Web Developer with a focus on front-end technologies and WordPress. While he possesses basic Python skills, the CV lacks the depth of experience in Python, Django/Flask, React.js, RESTful APIs, SQL databases, Git, and CI/CD required for a Senior Full-Stack Developer role.",
  "strengths": [
    "Basic Python skills",
    "Experience with HTML, CSS, and JavaScript",
    "Web development experience"
  ],
  "missing_requirements": [
    "5+ years of Python/JavaScript experience",
    "Experience with Django/Flask and React.js",
    "Experience with RESTful APIs and SQL databases",
    "Experience with Git and CI/CD",
    "Bachelor's degree in Computer Science (or equivalent experience)",
    "Experience with AWS/GCP/Azure, Docker, Kubernetes (preferred)"
  ],
  "verdict": "not a match",
  "cv_name": "Kandidāts 2",
  "cv_id": "20251017_204659_cv2",
  "original_cv_id": "cv2"
}