{
  "match_score": 92,
  "summary": "Dr. James Anderson is a highly experienced Lead Software Architect with over 12 years of experience in software development, particularly with Python, Django, React.js, and cloud technologies. His experience at Google Cloud and Amazon demonstrates expertise in the required technologies and preferred skills, making him an exceptional candidate.",
  "strengths": [
    "Extensive experience (12+ years) exceeds the required 5+ years.",
    "Strong proficiency in Python, Django, React.js, and PostgreSQL.",
    "Proven experience with AWS and GCP.",
    "Experience with Docker and Kubernetes.",
    "Demonstrated leadership experience managing a team of 12 engineers.",
    "Holds relevant certifications (AWS Solutions Architect Professional, Google Cloud Architect).",
    "Advanced education (PhD in Computer Science)."
  ],
  "missing_requirements": [
    "Explicit mention of RESTful APIs and SQL databases (though implied through Django/PostgreSQL experience).",
    "Explicit mention of Git and CI/CD (though highly likely given experience)."
  ],
  "verdict": "exceptional",
  "cv_name": "Kandidāts 3",
  "cv_id": "20251017_201554_cv3",
  "original_cv_id": "cv3"
}