{
  "match_score": 40,
  "summary": "Martins Kalniņš' CV indicates experience as a Web Developer with a focus on front-end technologies and WordPress. While he possesses basic Python skills, the CV lacks the depth and breadth of experience required for a Senior Full-Stack Developer role, particularly in backend frameworks and cloud technologies.",
  "strengths": [
    "Basic Python skills",
    "Familiarity with HTML, CSS, and JavaScript"
  ],
  "missing_requirements": [
    "5+ years of Python/JavaScript experience",
    "Django/Flask experience",
    "React.js experience",
    "RESTful API experience",
    "SQL database experience",
    "Git and CI/CD experience",
    "Bachelor's degree in CS (implied)",
    "AWS/GCP/Azure experience",
    "Docker/Kubernetes experience",
    "Team leadership experience"
  ],
  "verdict": "not a match",
  "cv_name": "Kandidāts 2",
  "cv_id": "20251017_201554_cv2",
  "original_cv_id": "cv2"
}