{
  "match_score": 40,
  "summary": "Martins Kalniņš' CV indicates experience as a Web Developer with a focus on front-end technologies and WordPress. He has some basic Python knowledge and experience with HTML, CSS, and JavaScript. However, he lacks the depth of experience and specific technologies required for a Senior Full-Stack Developer role.",
  "strengths": [
    "Basic Python knowledge",
    "Experience with HTML, CSS, and JavaScript"
  ],
  "missing_requirements": [
    "5+ years of Python/JavaScript experience",
    "Django/Flask experience",
    "React.js experience",
    "RESTful APIs experience",
    "SQL databases experience",
    "Git, CI/CD experience",
    "Bachelor's degree in CS (or equivalent experience)",
    "AWS/GCP/Azure experience",
    "Docker, Kubernetes experience",
    "Team leadership experience"
  ],
  "verdict": "not a match",
  "cv_name": "Kandidāts 2",
  "cv_id": "20251017_201641_cv2",
  "original_cv_id": "cv2"
}