{
  "match_score": 88,
  "summary": "Aleksandra Petrova is a Senior Full-Stack Developer with 6+ years of experience in Python, Django, and React.js. Her experience at TechCorp and StartupHub demonstrates proficiency in building and maintaining applications, leading teams, and working with relevant technologies like AWS, Docker, and PostgreSQL. She holds a B.S. in Computer Science.",
  "strengths": [
    "Extensive experience (6+ years) exceeds the required 5+ years in Python/JavaScript.",
    "Strong experience with Django, React.js, RESTful APIs, and SQL databases (PostgreSQL).",
    "Experience with AWS and Docker aligns with preferred qualifications and the tech stack.",
    "Team leadership experience is a preferred qualification.",
    "Experience building applications for a large user base (100K+)."
  ],
  "missing_requirements": [
    "Explicit mention of Git and CI/CD experience, although Git is listed in skills."
  ],
  "verdict": "strong match",
  "cv_name": "Kandidāts 1",
  "cv_id": "20251017_201641_cv1",
  "original_cv_id": "cv1"
}