{
  "match_score": 40,
  "summary": "Martins Kalniņš' CV indicates experience as a Web Developer with a focus on front-end technologies and WordPress. He has some basic Python knowledge but lacks the depth and breadth of experience required for a Senior Full-Stack Developer role.",
  "strengths": [
    "Basic Python knowledge",
    "Experience with HTML, CSS, and JavaScript",
    "Experience in web development"
  ],
  "missing_requirements": [
    "5+ years of Python/JavaScript experience",
    "Django/Flask experience",
    "React.js experience",
    "RESTful API experience",
    "SQL database experience",
    "Git and CI/CD experience",
    "Bachelor's degree in CS (or equivalent experience)",
    "AWS/GCP/Azure experience",
    "Docker/Kubernetes experience",
    "Team leadership experience"
  ],
  "verdict": "not a match",
  "cv_name": "Kandidāts 2",
  "cv_id": "20251017_202939_cv2",
  "original_cv_id": "cv2"
}