{
  "match_score": 92,
  "summary": "Dr. James Anderson is a highly experienced software architect with over 12 years of experience, specializing in Python, Django, React.js, and cloud technologies. His experience at Google Cloud and Amazon, coupled with his advanced education and certifications, makes him an exceptional candidate for a Senior Full-Stack Developer role.",
  "strengths": [
    "Extensive experience (12+ years) exceeds the required 5+ years.",
    "Strong proficiency in Python, Django, and React.js.",
    "Experience with RESTful APIs and SQL databases (PostgreSQL).",
    "Expertise in AWS and GCP.",
    "Experience with Docker and Kubernetes.",
    "Proven team leadership experience.",
    "Advanced education (PhD in Computer Science).",
    "Relevant certifications (AWS Solutions Architect Professional, Google Cloud Architect)."
  ],
  "missing_requirements": [
    "Explicit mention of Git and CI/CD is missing, but highly likely given his experience."
  ],
  "verdict": "exceptional",
  "cv_name": "Kandidāts 3",
  "cv_id": "20251017_201641_cv3",
  "original_cv_id": "cv3"
}