{
  "match_score": 88,
  "summary": "Aleksandra Petrova is a Senior Full-Stack Developer with 6+ years of experience in Python, Django, and React.js. Her experience includes building applications for a large user base, leading a team, and working with relevant technologies such as AWS, Docker, and PostgreSQL. She possesses a Bachelor's degree in Computer Science.",
  "strengths": [
    "Extensive experience (6+ years) exceeds the required 5+ years in Python/JavaScript.",
    "Strong experience with Django, React.js, RESTful APIs, and SQL databases (PostgreSQL).",
    "Experience with AWS and Docker aligns with preferred qualifications and the tech stack.",
    "Team leadership experience is a significant advantage.",
    "Relevant education (B.S. Computer Science)."
  ],
  "missing_requirements": [
    "Explicit mention of Git and CI/CD experience is not detailed in the experience descriptions, although Git is listed in skills."
  ],
  "verdict": "strong match",
  "cv_name": "Kandidāts 1",
  "cv_id": "cv1"
}