{
  "match_score": 92,
  "summary": "Dr. James Anderson is a highly experienced software architect with over 12 years of experience, specializing in Python, Django, React.js, and cloud technologies. His experience at Google Cloud and Amazon demonstrates expertise in building and scaling complex systems. His PhD in Computer Science and cloud certifications further strengthen his profile.",
  "strengths": [
    "Extensive experience (12+ years) exceeds the required 5+ years.",
    "Strong proficiency in Python, Django, React.js, and PostgreSQL, matching the core stack.",
    "Proven experience with AWS and GCP, exceeding the preferred qualifications.",
    "Experience with Docker and Kubernetes, fulfilling preferred qualifications.",
    "Demonstrated leadership experience managing a team of 12 engineers.",
    "Holds relevant cloud certifications (AWS Solutions Architect Professional, Google Cloud Architect).",
    "Advanced education (PhD in Computer Science)."
  ],
  "missing_requirements": [
    "Explicit mention of RESTful API experience is not present, although it is highly likely given the technologies and roles.",
    "Explicit mention of Git and CI/CD is not present, although it is highly likely given the technologies and roles."
  ],
  "verdict": "exceptional",
  "cv_name": "Kandidāts 3",
  "cv_id": "cv3"
}