[
  {
    "timestamp": "2025-10-17T20:55:56.644102",
    "date": "2025-10-17 20:55:56",
    "session_id": "20251017_205556",
    "job_description": "Senior Full-Stack Developer\n\nRequirements:\n• 5+ years Python/JavaScript\n• Django/Flask, React.js\n• RESTful APIs, SQL databases\n• Git, CI/CD\n• Bachelor's degree CS\n\nPreferred:\n• AWS/GCP/Azure\n• Docker,...",
    "results": [
      {
        "match_score": 88,
        "summary": "Aleksandra Petrova is a Senior Full-Stack Developer with 6+ years of experience in Python, Django, and React.js. Her experience includes building applications for a large user base, leading a team, and working with relevant technologies such as AWS, Docker, and PostgreSQL. She possesses a Bachelor's degree in Computer Science.",
        "strengths": [
          "Extensive experience (6+ years) exceeds the required 5+ years in Python/JavaScript.",
          "Strong experience with Django, React.js, RESTful APIs, and SQL databases (PostgreSQL).",
          "Experience with AWS and Docker aligns with preferred qualifications and the tech stack.",
          "Team leadership experience is a significant advantage.",
          "Relevant education (B.S. Computer Science)."
        ],
        "missing_requirements": [
          "Explicit mention of Git and CI/CD experience is not detailed in the experience descriptions, although Git is listed in skills."
        ],
        "verdict": "strong match",
        "cv_name": "Kandidāts 1",
        "cv_id": "20251017_205556_cv1",
        "original_cv_id": "cv1"
      },
      {
        "match_score": 40,
        "summary": "Martins Kalniņš' CV indicates experience as a Web Developer with a focus on front-end technologies and WordPress. While he possesses basic Python skills, the CV lacks the depth of experience required for a Senior Full-Stack Developer role, particularly in back-end frameworks, databases, and cloud technologies.",
        "strengths": [
          "Basic Python skills",
          "Experience with HTML, CSS, and JavaScript"
        ],
        "missing_requirements": [
          "5+ years of Python/JavaScript experience",
          "Django/Flask experience",
          "React.js experience",
          "RESTful API experience",
          "SQL database experience",
          "Git and CI/CD experience",
          "Bachelor's degree in CS (or equivalent experience)",
          "AWS/GCP/Azure experience",
          "Docker/Kubernetes experience",
          "Team leadership experience"
        ],
        "verdict": "not a match",
        "cv_name": "Kandidāts 2",
        "cv_id": "20251017_205556_cv2",
        "original_cv_id": "cv2"
      },
      {
        "match_score": 92,
        "summary": "Dr. James Anderson is a highly experienced software architect with over 12 years of experience, specializing in Python, Django, React.js, and cloud technologies. His experience at Google Cloud and Amazon demonstrates expertise in building and scaling complex systems. His PhD in Computer Science and cloud certifications further strengthen his profile.",
        "strengths": [
          "Extensive experience (12+ years) exceeds the required 5+ years.",
          "Strong proficiency in Python, Django, React.js, and PostgreSQL, matching the core stack.",
          "Proven experience with AWS and GCP, exceeding the preferred qualifications.",
          "Experience with Docker and Kubernetes, fulfilling preferred qualifications.",
          "Demonstrated leadership experience managing a team of 12 engineers.",
          "Holds relevant cloud certifications (AWS Solutions Architect Professional, Google Cloud Architect).",
          "Advanced education (PhD in Computer Science)."
        ],
        "missing_requirements": [
          "Explicit mention of RESTful API experience is not present, although it is highly likely given the technologies and roles.",
          "Explicit mention of Git and CI/CD is not present, although it is highly likely given the technologies and roles."
        ],
        "verdict": "exceptional",
        "cv_name": "Kandidāts 3",
        "cv_id": "20251017_205556_cv3",
        "original_cv_id": "cv3"
      }
    ],
    "total_cvs": 3,
    "avg_score": 73.33333333333333
  },
  {
    "timestamp": "2025-10-17T20:46:59.899770",
    "date": "2025-10-17 20:46:59",
    "session_id": "20251017_204659",
    "job_description": "Senior Full-Stack Developer\n\nRequirements:\n• 5+ years Python/JavaScript\n• Django/Flask, React.js\n• RESTful APIs, SQL databases\n• Git, CI/CD\n• Bachelor's degree CS\n\nPreferred:\n• AWS/GCP/Azure\n• Docker,...",
    "results": [
      {
        "match_score": 88,
        "summary": "Aleksandra Petrova is a Senior Full-Stack Developer with 6+ years of experience in Python, Django, and React.js. Her experience at TechCorp and StartupHub demonstrates proficiency in building and scaling applications, leading teams, and working with relevant technologies such as AWS, Docker, and PostgreSQL. She holds a B.S. in Computer Science.",
        "strengths": [
          "Extensive experience (6+ years) exceeds the required 5+ years in Python/JavaScript.",
          "Strong experience with Django, React.js, RESTful APIs, and SQL databases (PostgreSQL).",
          "Experience with AWS and Docker aligns with preferred qualifications and the tech stack.",
          "Demonstrated leadership experience leading a team of 4 junior developers.",
          "Experience building applications for a large user base (100K+ users)."
        ],
        "missing_requirements": [
          "Explicit mention of Git and CI/CD experience is not detailed in the experience section, although Git is listed in the skills section."
        ],
        "verdict": "strong match",
        "cv_name": "Kandidāts 1",
        "cv_id": "20251017_204659_cv1",
        "original_cv_id": "cv1"
      },
      {
        "match_score": 40,
        "summary": "Martins Kalniņš' CV indicates experience as a Web Developer with a focus on front-end technologies and WordPress. While he possesses basic Python skills, the CV lacks the depth of experience in Python, Django/Flask, React.js, RESTful APIs, SQL databases, Git, and CI/CD required for a Senior Full-Stack Developer role.",
        "strengths": [
          "Basic Python skills",
          "Experience with HTML, CSS, and JavaScript",
          "Web development experience"
        ],
        "missing_requirements": [
          "5+ years of Python/JavaScript experience",
          "Experience with Django/Flask and React.js",
          "Experience with RESTful APIs and SQL databases",
          "Experience with Git and CI/CD",
          "Bachelor's degree in Computer Science (or equivalent experience)",
          "Experience with AWS/GCP/Azure, Docker, Kubernetes (preferred)"
        ],
        "verdict": "not a match",
        "cv_name": "Kandidāts 2",
        "cv_id": "20251017_204659_cv2",
        "original_cv_id": "cv2"
      },
      {
        "match_score": 92,
        "summary": "Dr. James Anderson's CV presents a highly qualified candidate for the Senior Full-Stack Developer position. His extensive experience at Google Cloud and Amazon, coupled with his advanced education and certifications, demonstrates a strong alignment with the job requirements. He exceeds the minimum experience requirements and possesses expertise in the core technologies listed in the job description.",
        "strengths": [
          "Extensive experience (12+ years) exceeding the required 5+ years.",
          "Strong proficiency in Python, Django, React.js, and PostgreSQL.",
          "Experience with AWS and GCP, fulfilling the preferred qualifications.",
          "Expertise in Kubernetes and Docker, aligning with preferred qualifications.",
          "Proven leadership experience managing a team of 12 engineers.",
          "Advanced education (PhD in Computer Science).",
          "Relevant certifications (AWS Solutions Architect Professional, Google Cloud Architect)."
        ],
        "missing_requirements": [
          "Explicit mention of RESTful APIs and SQL databases (though implied through Django/PostgreSQL experience)."
        ],
        "verdict": "exceptional",
        "cv_name": "Kandidāts 3",
        "cv_id": "20251017_204659_cv3",
        "original_cv_id": "cv3"
      }
    ],
    "total_cvs": 3,
    "avg_score": 73.33333333333333
  },
  {
    "timestamp": "2025-10-17T20:29:39.123659",
    "date": "2025-10-17 20:29:39",
    "session_id": "20251017_202939",
    "job_description": "Senior Full-Stack Developer\n\nRequirements:\n• 5+ years Python/JavaScript\n• Django/Flask, React.js\n• RESTful APIs, SQL databases\n• Git, CI/CD\n• Bachelor's degree CS\n\nPreferred:\n• AWS/GCP/Azure\n• Docker,...",
    "results": [
      {
        "match_score": 88,
        "summary": "Aleksandra Petrova is a Senior Full-Stack Developer with 6+ years of experience in Python, Django, and React.js. Her experience at TechCorp and StartupHub demonstrates proficiency in building and scaling applications, leading teams, and working with relevant technologies like AWS, Docker, and PostgreSQL. She holds a B.S. in Computer Science.",
        "strengths": [
          "Extensive experience (6+ years) exceeds the required 5+ years in Python/JavaScript.",
          "Strong experience with Django, React.js, RESTful APIs, and SQL databases (PostgreSQL).",
          "Experience with AWS and Docker aligns with preferred qualifications and the tech stack.",
          "Demonstrated leadership experience leading a team of 4 junior developers.",
          "Experience building applications for a large user base (100K+)."
        ],
        "missing_requirements": [
          "Explicit mention of Git and CI/CD experience is not detailed in the experience section, although Git is listed in skills."
        ],
        "verdict": "strong match",
        "cv_name": "Kandidāts 1",
        "cv_id": "20251017_202939_cv1",
        "original_cv_id": "cv1"
      },
      {
        "match_score": 40,
        "summary": "Martins Kalniņš' CV indicates experience as a Web Developer with a focus on front-end technologies and WordPress. He has some basic Python knowledge but lacks the depth and breadth of experience required for a Senior Full-Stack Developer role.",
        "strengths": [
          "Basic Python knowledge",
          "Experience with HTML, CSS, and JavaScript",
          "Experience in web development"
        ],
        "missing_requirements": [
          "5+ years of Python/JavaScript experience",
          "Django/Flask experience",
          "React.js experience",
          "RESTful API experience",
          "SQL database experience",
          "Git and CI/CD experience",
          "Bachelor's degree in CS (or equivalent experience)",
          "AWS/GCP/Azure experience",
          "Docker/Kubernetes experience",
          "Team leadership experience"
        ],
        "verdict": "not a match",
        "cv_name": "Kandidāts 2",
        "cv_id": "20251017_202939_cv2",
        "original_cv_id": "cv2"
      },
      {
        "match_score": 92,
        "summary": "Dr. James Anderson is a highly experienced software architect with over 12 years of experience, specializing in Python, Django, React.js, and cloud technologies. His background includes significant roles at Google Cloud and Amazon, demonstrating expertise in large-scale systems, team leadership, and cloud infrastructure. His PhD in Computer Science from Stanford further strengthens his profile.",
        "strengths": [
          "Extensive experience (12+ years) exceeds the required 5+ years.",
          "Strong proficiency in Python, Django, and React.js.",
          "Proven experience with RESTful APIs and SQL databases (PostgreSQL specifically mentioned).",
          "Deep expertise in AWS and GCP, exceeding the 'Preferred' requirement.",
          "Experience with Docker and Kubernetes, fulfilling another 'Preferred' requirement.",
          "Demonstrated team leadership experience.",
          "Holds relevant certifications (AWS Solutions Architect Professional, Google Cloud Architect).",
          "Advanced education (PhD in Computer Science)."
        ],
        "missing_requirements": [
          "Explicit mention of Git and CI/CD is absent, although highly probable given the candidate's experience."
        ],
        "verdict": "exceptional",
        "cv_name": "Kandidāts 3",
        "cv_id": "20251017_202939_cv3",
        "original_cv_id": "cv3"
      }
    ],
    "total_cvs": 3,
    "avg_score": 73.33333333333333
  }
]